Actual,Predicted
110,158.87
85,43.2
215,198.86
97,171.49
175,166.47
125,149.33
175,135.51
120,190.92
250,160.1
279,229.62
70,56.13
150,179.37
38,43.57
180,189.18
89,99.81
225,191.86
100,140.99
129,118.44
250,167.79
180,159.94
78,112.8
55,67.6
75,101.02
120,104.13
56,65.99
50,72.21
95,91.85
115,140.5
85,110.01
99,167.0
200,164.98
100,154.05
260,155.01
200,175.61
308,266.47
30,59.01
60,67.49
219,154.19
200,125.38
40,67.02
28,30.92
100,198.92
189,166.26
150,135.55
160,191.13
75,93.3
159,144.83
47,66.73
70,57.96
200,165.27
148,173.78
120,134.59
79,80.15
45,71.7
186,200.14
155,144.45
60,71.98
113,107.46
50,116.07
96,166.73
129,127.35
97,147.89
65,78.56
115,95.53
80,69.01
80,62.8
234,189.05
125,150.81
98,158.39
135,168.06
75,64.19
65,64.21
84,87.76
59,69.37
100,135.33
55,155.45
185,206.17
52,80.56
275,187.08
35,49.69
110,127.76
43,82.77
160,237.1
120,79.64
130,227.86
49,81.38
69,86.31
60,54.12
100,123.47
80,70.8
57,122.71
45,61.58
100,64.02
125,84.01
45,61.83
67,81.68
189,216.81
90,87.33
39,87.95
67,64.03
90,82.09
122,67.4
250,215.95
120,119.93
180,133.23
130,116.22
209,220.29
115,146.57
85,92.86
99,124.34
179,180.86
109,217.55
68,80.92
92,157.76
80,97.87
119,182.66
30,99.24
200,188.4
300,52.84
130,149.19
170,134.09
75,62.68
96,122.54
67,82.07
39,65.53
220,235.52
125,118.27
225,215.46
65,71.29
239,236.57
90,123.67
175,152.23
103,108.26
100,119.8
40,48.61
95,139.67
35,60.55
110,123.16
130,180.14
129,175.49
222,148.32
125,112.99
255,268.81
150,139.97
124,121.68
150,138.45
168,199.74
250,221.41
275,154.12
60,118.55
89,144.24
40,49.17
300,248.8
199,213.2
170,87.03
59,53.88
46,63.92
45,70.17
80,108.01
75,90.42
50,73.43
44,60.64
149,178.53
130,95.12
124,181.3
100,51.08
269,156.17
138,96.67
145,125.72
72,67.26
45,41.88
45,60.5
80,97.84
60,60.71
199,150.5
200,101.37
109,102.18
200,234.6
119,122.54
75,86.59
150,152.26
180,141.17
200,205.16
88,84.11
48,53.97
120,121.23
51,63.2
47,54.84
95,149.7
107,160.04
65,69.12
80,59.6
175,222.72
182,197.53
130,111.44
150,139.14
30,57.3
240,247.59
150,163.87
115,122.44
90,100.61
85,66.32
40,58.65
100,120.34
110,145.24
200,113.05
85,108.9
45,56.83
199,124.08
195,170.84
90,93.26
30,43.48
208,96.11
82,153.35
58,69.1
145,138.17
27,52.07
33,34.65
120,138.16
118,129.86
115,125.31
173,140.64
170,181.1
220,178.54
75,68.59
100,82.11
52,61.76
240,195.06
40,67.68
115,120.67
57,68.37
145,169.81
120,54.03
100,125.53
69,67.48
120,148.84
159,225.93
160,179.06
99,137.35
70,83.67
159,88.11
85,64.57
175,127.89
55,64.25
120,89.95
65,75.33
150,211.27
47,51.62
90,67.9
55,66.65
125,126.63
130,98.41
109,165.56
110,94.06
221,235.03
195,167.64
90,98.24
225,209.14
85,71.15
125,137.04
53,53.81
200,180.37
81,83.06
55,79.86
80,58.77
173,106.4
75,61.19
70,55.57
90,57.31
140,197.09
62,58.44
78,76.27
200,70.15
140,159.34
100,85.82
88,175.89
150,175.78
75,55.02
90,104.08
110,100.92
130,145.61
75,94.74
315,226.01
130,132.6
120,194.44
109,107.82
209,148.93
55,71.45
90,72.4
119,141.53
180,158.86
308,197.41
150,130.92
120,193.57
250,117.14
275,205.94
199,140.2
68,123.77
300,142.87
45,72.12
65,64.12
150,191.39
70,79.36
250,205.14
115,133.13
50,55.03
90,68.37
38,52.95
63,122.23
51,61.92
45,60.01
110,162.18
140,142.12
175,183.56
56,97.9
135,121.12
55,74.96
100,139.1
50,58.17
104,197.96
50,137.78
169,172.45
90,139.78
200,229.8
150,136.06
185,192.17
150,198.5
45,67.79
149,94.59
55,80.36
32,35.19
105,76.84
200,174.29
180,155.04
175,151.05
130,117.92
125,204.84
95,235.42
134,172.56
45,88.27
30,50.54
295,139.34
100,116.97
59,58.01
90,76.66
200,181.36
30,60.66
80,51.45
175,175.42
250,152.99
230,218.73
120,137.74
128,180.92
128,147.06
65,50.34
150,152.02
67,130.91
115,151.81
30,63.18
131,126.41
155,138.31
40,61.52
125,141.6
200,157.51
125,84.06
100,185.94
105,190.67
152,129.2
110,137.56
69,110.88
42,56.73
125,89.08
79,74.27
200,150.16
139,158.47
35,58.85
60,64.78
200,107.65
59,81.92
73,62.91
90,52.87
105,133.34
60,85.49
70,76.2
220,222.0
99,107.11
70,72.05
85,120.87
250,148.54
53,93.13
45,45.63
118,187.47
167,134.25
50,45.08
45,60.86
135,158.58
33,52.51
180,122.07
115,91.75
200,163.82
157,255.69
40,67.63
70,47.85
37,43.84
110,153.82
83,99.31
280,175.29
50,59.42
90,193.77
72,91.48
65,75.74
112,157.46
300,191.84
95,151.76
135,91.79
250,163.96
133,162.98
250,196.0
166,177.96
140,185.93
75,64.13
160,150.57
325,165.47
50,68.94
60,70.19
118,162.81
195,173.3
50,52.78
150,188.13
169,167.97
250,182.56
125,112.82
160,142.56
80,146.74
165,160.89
180,143.26
80,129.43
79,107.27
110,85.02
190,205.82
100,144.09
125,103.68
75,86.14
90,60.45
170,137.9
269,237.07
139,136.64
147,191.51
165,144.66
115,113.19
125,165.35
120,174.49
60,70.93
32,49.59
250,168.76
85,61.71
95,61.61
89,83.43
60,78.71
290,215.83
100,137.15
242,292.26
65,58.81
200,177.89
47,60.66
74,137.45
150,160.42
225,218.91
180,229.27
85,95.52
199,120.41
285,172.35
151,176.8
79,97.17
70,72.59
185,176.87
53,64.79
100,84.48
50,58.46
229,203.14
49,65.23
170,173.12
60,59.86
90,167.52
139,235.58
83,134.18
170,168.46
280,208.06
50,67.21
99,125.06
160,195.13
87,135.37
45,58.54
110,144.13
160,154.87
142,181.77
78,77.5
80,68.51
50,73.49
71,78.26
59,61.15
58,42.23
175,156.75
66,60.98
115,110.16
38,76.21
45,54.88
164,136.0
150,153.54
120,56.77
28,61.03
57,53.59
135,196.09
42,72.14
300,232.32
100,107.48
190,231.59
300,120.82
80,91.45
90,94.77
269,270.29
110,124.75
275,191.8
137,240.26
75,177.95
105,161.39
175,166.03
100,113.69
135,162.86
300,204.88
150,140.52
65,77.68
30,63.98
42,52.8
48,49.42
180,248.25
189,245.6
61,77.13
144,154.56
75,140.66
30,46.8
225,154.86
70,91.58
55,79.67
295,159.52
75,142.7
250,220.57
28,32.19
125,103.63
250,175.07
85,69.81
325,175.12
79,86.65
86,128.72
57,70.76
90,110.92
48,49.52
40,41.98
120,79.69
125,83.1
70,58.78
50,74.27
199,236.08
101,61.56
229,208.89
175,97.67
50,57.35
89,87.45
129,177.58
124,104.56
174,198.83
140,170.87
155,161.86
77,210.17
80,124.84
40,59.03
130,150.15
150,198.1
125,107.62
239,222.2
49,53.31
75,79.57
192,235.65
75,165.11
82,124.82
240,174.82
195,151.65
215,143.74
125,117.42
68,65.81
70,63.69
137,154.65
120,161.07
102,131.16
100,215.15
124,148.21
65,64.4
179,223.91
65,65.63
100,174.27
160,216.89
107,139.33
120,51.08
90,75.78
300,227.94
60,57.01
139,88.71
79,77.93
80,120.66
70,53.61
95,120.32
200,203.55
95,73.58
60,59.87
210,224.03
265,180.22
180,216.21
48,74.62
80,168.8
46,61.7
167,180.12
85,101.24
72,69.68
220,150.05
290,83.45
67,91.86
60,102.06
100,143.98
99,41.56
198,140.75
40,39.54
275,198.38
49,95.65
37,49.28
50,54.06
275,231.07
49,65.15
95,161.79
200,209.79
175,194.9
179,123.59
80,70.99
179,235.33
40,46.79
34,66.5
228,228.52
52,62.79
100,185.07
60,54.99
100,107.43
125,159.1
250,177.76
51,84.14
300,195.48
140,204.44
175,157.97
79,143.58
65,74.4
40,50.0
220,210.8
70,60.35
130,152.96
50,52.27
40,65.03
30,120.49
124,159.86
175,171.17
65,53.06
200,218.75
50,66.1
95,187.48
180,171.07
108,111.56
200,173.59
159,174.06
70,50.96
110,172.52
105,78.0
65,67.39
69,63.29
104,160.91
299,228.44
90,173.52
48,134.45
120,138.31
120,123.48
100,160.99
120,113.79
200,190.55
50,69.34
125,118.93
55,61.64
75,59.11
37,83.88
65,62.87
245,175.4
93,154.24
294,198.75
180,131.22
150,153.59
110,83.98
120,96.91
99,125.65
55,94.68
33,37.66
45,68.97
130,183.56
160,137.11
275,169.73
179,113.12
100,74.15
299,214.28
150,147.55
139,204.31
114,227.53
44,87.36
60,62.25
195,151.62
36,62.75
140,134.12
310,288.76
102,141.14
50,57.56
40,42.37
249,196.74
77,78.93
299,162.31
40,57.44
70,58.99
157,149.24
100,175.01
150,167.79
90,138.98
36,50.6
139,171.76
159,87.46
100,175.36
45,60.12
150,220.22
55,62.25
70,92.18
45,52.15
84,107.08
95,109.93
100,127.0
53,50.64
65,81.79
40,60.94
50,66.24
265,157.12
100,110.64
148,116.29
150,93.49
89,93.78
200,156.05
91,103.3
55,59.58
75,177.94
155,173.19
265,183.83
175,172.53
119,151.88
55,80.2
35,49.06
135,117.57
150,133.1
93,122.67
230,230.29
50,72.42
35,76.05
73,159.91
31,58.34
35,64.87
95,58.17
263,291.3
98,80.68
90,64.99
250,184.31
199,207.86
40,59.51
315,239.85
130,153.42
75,66.44
275,257.06
197,167.46
210,183.09
79,74.13
108,81.78
80,125.4
45,54.83
175,55.2
175,163.15
60,50.37
150,105.55
68,90.45
180,59.0
285,237.58
45,83.93
150,157.18
75,105.21
195,193.27
77,80.97
123,71.99
90,104.79
36,55.68
80,58.77
120,142.24
130,148.58
180,152.15
200,215.64
20,35.95
70,87.11
30,67.23
299,203.94
175,219.23
155,183.4
200,115.46
130,149.21
300,225.15
30,62.02
149,130.05
210,205.52
75,83.48
40,64.41
80,70.63
215,184.6
300,223.3
100,183.85
165,181.76
75,57.4
100,61.0
125,155.05
140,160.45
150,225.16
200,166.02
99,138.44
54,63.2
275,164.22
316,268.67
70,63.68
225,154.91
149,94.73
300,146.63
60,84.14
195,147.03
130,192.56
44,59.34
60,54.15
199,202.16
99,114.05
70,59.24
125,91.08
35,55.4
85,68.89
150,160.82
195,93.99
140,118.82
82,131.3
50,54.64
52,71.62
201,152.59
312,310.89
55,60.77
210,195.48
147,164.16
60,59.79
170,80.98
80,110.7
229,196.25
55,81.25
130,173.94
160,221.95
145,163.28
90,133.71
40,51.41
250,134.16
100,208.59
225,176.72
52,114.54
50,75.28
99,66.97
45,148.56
45,64.73
119,158.02
42,47.34
60,73.14
76,120.87
90,122.97
250,198.96
80,75.83
125,143.12
60,59.1
45,67.06
150,83.34
125,134.27
65,77.57
250,239.64
81,126.57
74,111.81
195,202.47
36,52.19
198,208.04
55,65.86
94,154.48
220,171.46
70,54.54
300,120.01
200,151.79
55,71.89
90,95.79
131,149.16
150,122.33
299,144.84
314,294.51
65,63.63
55,64.2
65,61.83
85,88.47
200,177.89
279,223.77
60,63.1
50,89.49
115,82.7
55,59.72
150,165.59
52,68.65
75,98.1
130,147.67
110,109.69
28,39.14
219,174.75
100,105.15
140,138.0
70,76.49
55,69.44
100,63.99
99,103.71
40,74.55
60,40.77
60,70.83
186,139.01
175,197.84
205,206.67
60,87.21
67,79.86
85,152.18
120,156.09
135,139.74
300,172.02
50,65.64
70,77.16
185,133.43
65,105.72
141,168.0
65,72.5
79,78.71
170,165.26
120,155.22
165,199.05
69,93.83
100,75.57
65,52.59
60,59.13
110,181.34
59,161.81
265,196.77
220,194.34
52,59.04
48,68.08
200,139.21
80,79.07
175,141.01
50,70.22
49,57.26
75,120.53
140,157.07
150,115.23
215,249.83
129,152.71
200,191.99
72,97.57
169,208.51
206,199.87
154,185.02
169,191.49
70,49.63
98,113.23
45,100.2
100,139.02
85,79.49
196,206.74
125,233.41
45,69.93
170,220.61
100,115.09
70,133.43
70,70.02
45,66.65
300,292.4
150,188.55
50,73.07
180,117.77
175,67.45
60,91.25
45,58.47
150,163.86
165,147.6
29,47.01
60,64.11
50,166.18
101,231.98
110,168.45
140,186.85
90,60.21
160,179.17
100,237.87
35,62.55
100,132.28
195,193.34
250,102.07
165,181.67
100,157.25
37,58.92
180,140.98
307,144.45
250,203.42
150,168.77
79,70.42
158,176.38
80,83.18
48,60.07
120,112.18
120,169.51
199,160.25
170,180.65
50,63.82
124,154.72
99,98.02
69,65.44
269,231.16
36,49.35
150,182.41
125,128.48
200,151.78
136,109.18
100,126.19
99,163.64
50,68.55
100,109.87
200,150.67
80,66.79
74,117.62
62,74.14
69,55.17
80,80.44
280,151.69
70,76.44
45,59.88
115,163.0
130,96.73
109,136.78
135,191.2
295,212.87
36,53.19
33,51.65
199,244.97
175,154.62
78,83.78
139,187.2
109,137.66
45,79.72
90,99.14
145,140.41
58,96.65
95,110.6
50,58.88
250,186.95
48,59.08
250,134.63
220,201.59
150,173.93
100,203.5
130,129.71
78,68.31
65,84.8
80,74.16
254,183.9
150,178.51
50,56.55
200,131.96
50,60.85
150,112.67
300,206.5
85,122.51
99,132.74
207,195.65
75,67.44
75,70.57
155,159.15
189,190.69
100,152.64
145,224.6
150,144.15
50,56.36
200,141.63
50,94.65
205,217.15
43,40.92
99,101.99
100,119.63
149,186.63
42,66.07
199,212.51
120,137.27
135,90.9
175,145.64
90,173.66
300,172.98
25,51.13
120,120.62
65,70.94
100,45.68
55,50.27
99,123.04
250,202.65
50,57.13
200,95.12
50,81.5
190,224.34
100,103.03
175,165.01
295,222.18
125,142.64
140,93.63
90,112.16
80,70.3
130,192.0
68,108.44
170,174.57
65,73.93
49,67.83
150,174.91
19,32.61
109,183.98
75,149.42
115,115.08
50,59.58
128,114.41
170,64.95
30,175.79
50,61.19
227,162.66
120,181.24
200,169.55
50,80.61
100,113.4
38,41.15
149,121.75
68,76.62
35,57.2
75,127.94
252,244.16
125,143.33
50,64.68
110,87.2
159,204.09
54,64.96
149,43.55
250,186.92
235,213.93
200,172.06
99,81.1
105,114.63
320,203.47
75,100.2
125,139.82
40,30.51
66,51.62
85,134.08
40,65.9
225,142.81
310,135.8
249,198.14
75,96.63
147,196.57
38,58.75
92,167.92
70,110.05
250,232.21
85,94.65
225,164.57
160,121.44
90,97.22
79,106.17
170,170.66
110,132.38
48,56.79
290,192.1
86,99.78
170,144.71
90,51.48
60,117.28
58,72.81
100,53.26
135,197.96
145,132.81
65,70.63
30,52.23
75,73.39
150,124.34
67,53.28
50,59.82
80,124.43
225,180.51
34,38.76
150,207.31
66,90.3
136,129.1
190,145.79
245,188.82
40,60.72
295,154.16
130,128.98
60,81.15
126,153.46
250,182.68
79,160.93
300,208.51
115,151.4
115,95.94
73,78.61
290,124.7
300,214.63
225,161.05
270,156.46
99,92.77
68,110.85
48,63.81
50,78.16
40,58.27
225,201.84
96,155.86
87,81.41
296,216.84
130,207.91
60,57.4
175,175.04
99,194.56
90,141.64
150,149.85
70,67.1
85,96.03
65,49.37
99,124.56
45,59.37
75,159.53
95,154.15
100,77.45
229,191.92
40,45.98
84,75.94
60,79.63
125,149.9
110,110.49
130,165.22
60,70.5
65,96.26
180,140.92
125,131.43
105,119.75
60,95.42
50,50.88
100,44.17
89,112.18
150,160.04
191,165.35
55,73.92
90,120.04
156,136.03
90,93.55
80,56.23
150,156.75
40,59.68
181,169.09
259,181.11
119,119.68
42,66.02
60,74.53
70,94.13
161,152.64
60,51.16
185,69.1
125,133.42
42,45.4
110,89.96
80,120.56
46,47.13
109,143.85
35,37.47
64,96.77
100,124.7
200,95.43
200,172.0
118,155.69
130,157.6
60,69.16
70,103.86
55,57.37
200,222.39
89,92.99
200,147.18
250,200.04
75,83.77
80,68.5
75,62.44
60,52.16
90,121.98
105,109.91
225,148.49
87,141.79
200,176.96
50,54.04
60,61.52
91,99.18
122,102.62
150,158.41
280,174.71
184,188.88
40,64.13
200,147.12
150,198.99
99,80.77
179,206.99
150,155.12
150,104.85
50,119.18
100,73.52
125,145.42
249,197.84
139,128.16
100,86.31
160,152.45
275,157.06
69,88.3
65,90.82
225,185.29
65,57.59
140,195.03
100,94.89
49,83.64
100,96.02
49,57.91
180,175.84
80,67.33
185,65.7
100,97.22
230,205.98
175,195.86
35,61.38
130,86.18
99,139.39
198,200.68
125,192.19
239,195.34
57,84.15
75,69.98
43,58.9
75,71.55
175,117.89
105,127.25
76,105.26
275,222.95
51,86.62
45,63.7
229,137.16
79,68.35
90,121.72
175,196.8
126,207.09
210,215.78
125,205.49
250,162.31
80,85.8
162,182.31
60,60.69
200,188.05
27,33.35
130,122.97
80,61.96
200,183.2
200,119.39
73,63.08
45,65.01
125,104.17
185,229.68
151,175.24
65,68.18
35,48.28
117,155.69
111,74.13
106,98.98
135,158.52
85,85.92
245,133.03
52,61.47
130,158.64
120,90.72
58,91.37
49,63.62
120,166.82
50,58.92
250,162.47
125,120.62
206,88.75
55,62.64
150,162.76
129,166.19
160,100.44
90,107.75
45,53.67
120,91.61
150,108.54
185,206.27
159,149.66
90,84.98
73,117.08
75,106.64
159,144.33
190,209.04
38,53.32
334,300.94
45,74.76
250,148.22
100,143.82
100,77.18
75,59.01
45,54.28
59,63.73
79,130.89
100,130.32
200,185.63
270,157.07
130,145.49
60,61.65
59,77.04
88,105.1
32,42.99
150,173.38
79,88.92
90,78.42
175,164.83
250,183.93
99,109.55
35,71.08
55,81.07
135,191.18
72,63.55
70,78.29
150,136.91
69,137.97
100,131.27
325,141.19
232,268.55
45,64.35
250,215.4
20,66.49
165,181.68
75,146.95
120,70.89
150,109.9
99,137.15
51,56.25
175,166.04
120,141.69
99,164.78
70,59.02
126,144.47
154,123.8
100,80.73
99,208.93
38,54.27
97,93.58
115,160.94
150,140.51
26,53.5
250,112.03
124,129.89
150,106.2
117,150.83
130,176.09
190,179.33
45,55.89
58,60.11
220,198.99
300,273.43
67,87.83
185,214.2
140,197.12
69,70.33
49,51.61
275,176.8
130,153.03
299,200.86
220,116.96
110,120.96
189,106.7
268,239.37
220,158.93
60,96.85
80,93.62
60,50.01
180,192.57
80,103.27
100,118.36
55,66.51
120,109.73
70,61.59
100,160.76
115,104.72
30,64.98
30,30.74
50,73.71
135,87.26
66,59.88
35,51.51
97,52.79
50,57.3
55,70.93
190,160.97
46,146.75
75,102.94
125,62.28
190,235.21
85,106.32
199,213.33
175,112.27
10,117.03
67,86.8
202,155.06
75,74.15
162,239.6
59,99.16
86,144.66
135,109.71
250,190.01
200,125.64
143,103.04
200,67.37
85,50.19
105,118.35
274,189.87
199,193.33
145,127.81
150,163.84
199,147.04
150,220.3
60,80.91
179,135.09
210,193.62
124,125.14
166,181.56
37,66.64
120,127.04
165,184.21
50,61.68
200,219.72
197,189.15
250,157.78
279,202.84
160,118.41
263,153.56
90,128.85
49,45.22
139,129.57
62,77.81
60,63.01
250,151.75
174,204.65
85,137.51
78,94.19
325,148.44
80,124.2
80,84.61
180,198.75
132,194.53
45,49.21
128,185.61
69,74.32
50,70.78
152,162.51
93,57.34
100,98.38
58,55.45
120,150.74
48,51.77
119,84.59
65,108.49
225,162.18
45,71.23
140,122.72
35,33.14
66,57.96
175,114.59
120,114.76
48,66.6
175,141.93
109,110.85
100,52.48
39,56.17
89,87.1
75,175.45
115,162.45
250,206.0
75,126.82
175,72.11
90,108.83
165,217.11
80,71.4
199,198.79
60,60.72
160,108.12
199,205.12
100,127.23
40,159.07
115,73.89
50,65.99
200,208.05
200,202.42
139,136.56
85,124.31
175,226.02
130,181.14
31,37.16
110,121.71
65,86.62
65,82.87
130,164.53
75,68.54
245,164.6
60,70.67
80,142.27
69,139.78
76,73.87
175,175.83
57,107.98
137,122.86
195,223.74
100,129.18
160,177.72
75,165.63
299,210.48
60,67.69
50,59.68
40,68.83
65,59.41
55,68.0
105,73.51
115,147.69
250,148.42
75,61.06
99,118.89
70,149.57
131,113.66
50,70.02
105,113.71
225,189.92
40,63.89
75,67.92
185,123.0
135,153.16
59,71.51
68,123.85
37,54.51
51,52.6
45,65.63
80,54.2
169,194.33
125,150.66
45,63.92
300,250.43
225,167.12
69,117.8
100,110.7
120,60.27
49,59.11
110,122.19
55,79.1
150,117.7
95,118.68
60,67.33
70,85.49
65,100.76
200,113.13
50,109.47
80,90.56
115,116.62
300,205.81
240,227.9
35,53.19
160,186.25
63,55.49
75,143.85
250,160.18
124,157.55
89,65.84
50,53.36
75,68.76
265,225.24
200,211.34
239,179.57
70,82.53
62,46.79
230,69.5
70,53.38
246,110.14
80,57.15
80,62.93
200,96.38
300,150.32
125,133.58
170,262.81
99,127.31
210,145.99
175,90.09
160,142.47
53,59.22
79,128.12
100,80.19
90,135.6
200,59.67
200,122.62
55,91.88
200,206.83
43,58.9
85,55.3
45,59.31
40,46.49
300,139.75
180,196.27
85,84.04
192,230.77
33,35.48
55,52.12
150,185.09
150,99.09
252,279.34
55,65.09
45,85.45
110,142.1
175,125.72
95,131.67
125,128.37
65,135.89
300,179.84
69,86.95
199,169.12
150,103.07
73,121.73
60,55.27
95,130.4
10,97.48
145,178.96
98,202.03
99,123.99
295,187.91
104,173.98
40,53.15
159,160.06
41,43.84
100,127.92
80,191.86
95,97.45
135,143.42
295,105.39
45,38.71
239,196.23
269,262.09
149,111.28
44,86.84
29,65.55
58,80.18
199,225.1
35,69.42
159,154.09
65,65.36
45,61.04
120,92.09
86,144.44
65,116.48
75,96.29
125,139.45
250,246.04
100,232.65
175,130.25
109,155.93
70,111.5
45,43.2
98,110.03
100,104.67
38,52.1
175,233.68
127,206.88
40,56.24
100,90.53
79,82.93
75,130.03
185,194.9
75,68.57
125,214.26
150,141.27
98,89.79
250,229.85
159,227.83
49,53.77
105,106.05
61,80.89
99,141.84
49,84.36
60,140.78
133,141.61
310,210.2
55,56.52
195,168.73
250,208.75
199,188.68
70,98.17
69,68.18
215,235.4
98,113.54
214,228.16
82,95.96
120,85.43
225,114.68
250,202.23
289,156.37
80,126.85
270,160.59
157,131.99
179,206.21
85,69.13
75,127.52
75,68.24
65,92.15
230,175.7
150,171.17
45,61.59
147,150.3
150,142.27
114,131.91
65,82.06
47,42.42
200,206.89
150,181.53
200,56.23
32,42.85
35,73.69
100,111.89
35,46.03
55,56.54
90,87.95
50,89.79
161,105.35
250,125.15
88,81.75
89,95.61
295,148.94
295,232.0
180,180.81
110,158.67
75,81.57
225,157.09
60,69.58
50,49.21
47,53.75
148,200.54
75,80.17
295,141.49
120,163.25
75,64.19
59,197.63
60,53.71
65,71.04
135,90.73
150,120.44
38,51.99
99,136.85
275,259.53
100,150.32
30,46.87
145,140.12
50,71.58
224,181.32
250,232.73
68,140.05
45,64.23
65,54.92
108,92.76
95,123.75
250,198.3
50,64.04
35,55.17
145,139.83
151,200.96
200,135.76
125,121.61
205,174.84
30,65.52
250,240.72
120,139.05
48,56.58
45,77.13
175,188.01
175,200.25
50,60.31
115,127.66
30,53.23
100,65.1
330,192.69
70,79.82
125,139.06
34,35.87
95,77.58
80,66.8
99,125.06
100,146.09
70,110.08
28,48.29
195,167.84
53,51.75
62,67.07
99,77.17
130,176.44
82,99.56
48,58.47
95,67.31
100,61.72
42,43.0
85,118.95
228,225.61
55,56.86
55,62.36
45,60.29
70,127.78
99,75.09
49,55.28
60,86.78
79,76.07
185,143.61
60,92.82
179,221.18
140,188.07
67,66.3
180,191.17
35,53.16
165,121.09
130,162.59
72,56.06
85,77.2
95,88.85
325,184.62
37,116.07
70,138.04
125,144.28
45,59.0
39,68.63
175,187.3
75,103.89
49,76.74
150,139.73
57,67.35
90,170.9
249,213.67
75,73.76
69,91.01
93,110.68
150,233.75
90,180.38
68,65.2
299,212.15
131,189.67
55,153.97
95,151.38
60,60.49
80,85.37
60,60.47
69,83.9
89,76.31
125,131.36
60,75.26
42,41.92
115,87.71
180,105.33
45,40.91
129,248.88
69,80.45
72,124.15
105,184.91
249,215.28
49,83.33
120,190.39
175,170.8
95,151.37
200,83.77
42,95.67
70,69.96
100,69.32
50,118.23
85,78.82
119,91.98
320,139.43
125,172.96
90,67.9
179,196.35
93,121.08
169,191.29
85,121.14
70,94.67
90,122.13
199,140.67
58,74.44
52,56.45
95,72.36
50,41.89
187,187.91
150,104.17
48,59.23
120,171.17
100,65.9
125,215.29
150,165.86
55,61.02
60,61.66
146,90.84
220,239.16
55,57.98
156,217.81
120,102.17
150,250.59
40,60.23
170,129.09
214,244.64
80,76.25
118,171.53
80,77.05
65,65.73
44,171.89
80,65.72
60,61.44
80,73.99
120,139.18
119,171.31
75,115.13
290,199.32
75,91.69
200,193.79
185,202.06
80,96.82
260,224.9
150,133.16
200,199.97
120,102.87
85,170.72
60,73.52
150,204.74
54,50.67
55,61.56
35,42.29
95,100.01
100,154.81
75,123.94
143,102.76
199,207.47
159,145.93
130,133.67
299,233.24
75,54.48
90,148.2
145,142.68
60,127.46
165,185.7
75,158.72
245,192.66
78,144.09
50,164.36
199,214.33
32,48.03
180,226.13
91,98.77
75,73.08
50,82.66
39,73.2
50,63.25
85,112.76
61,82.7
100,104.47
80,52.82
75,101.89
120,117.9
275,144.77
50,63.29
150,179.92
70,82.74
60,51.82
65,105.82
60,66.75
47,73.25
125,92.75
50,48.82
65,58.77
110,126.53
62,73.59
50,67.64
40,73.35
85,139.0
70,57.99
40,71.02
100,95.52
150,180.81
120,112.49
135,152.0
125,163.43
60,61.34
115,78.23
50,66.75
60,50.81
79,153.03
55,55.83
125,117.81
56,74.92
64,58.23
69,85.13
38,47.49
120,110.87
255,221.61
200,149.35
225,217.83
109,124.68
47,63.09
100,123.77
101,99.97
142,172.23
295,162.0
128,252.47
110,117.44
65,89.93
189,94.7
150,191.96
65,54.79
200,172.96
100,76.92
44,79.77
75,179.36
80,105.78
50,52.33
70,129.24
50,60.8
250,257.27
300,229.69
90,80.87
120,140.89
105,187.26
115,119.45
40,119.89
75,55.99
62,66.29
69,110.82
99,173.83
180,137.33
120,136.79
140,137.17
250,190.7
185,145.22
42,123.29
154,194.5
100,106.23
70,76.02
110,130.3
75,76.86
125,100.14
35,73.65
119,145.65
205,134.2
55,92.45
65,74.3
69,137.2
60,43.96
60,50.88
75,74.87
109,159.61
69,79.44
200,227.29
101,102.04
225,212.78
259,179.37
150,196.18
45,72.86
87,182.68
100,105.69
223,241.71
129,160.43
225,209.71
250,225.31
50,62.78
60,71.9
118,140.51
155,151.07
134,185.73
45,69.21
100,167.68
35,77.21
265,132.92
150,156.08
55,61.89
75,69.61
65,111.81
60,74.36
120,149.43
95,74.8
75,124.41
125,112.44
56,65.32
135,150.12
185,165.8
220,142.31
85,160.25
42,98.47
125,93.83
150,175.32
42,40.76
300,177.26
160,163.76
150,103.76
120,157.76
60,83.78
225,188.43
35,61.22
101,134.04
250,205.49
179,152.96
135,121.28
150,128.18
250,260.24
79,61.64
100,100.28
42,47.42
100,127.81
175,169.79
39,46.31
140,177.68
45,80.52
65,81.66
165,243.42
150,147.14
170,201.19
200,145.58
59,60.58
120,136.1
175,173.32
83,135.46
75,83.82
241,223.6
80,91.93
165,108.97
79,173.61
65,70.28
130,210.91
131,166.5
265,192.73
145,125.22
220,162.45
62,69.32
55,92.78
60,105.29
275,133.97
239,237.42
40,51.68
75,69.48
70,102.37
44,53.72
150,210.91
249,195.95
75,93.31
115,173.76
160,144.11
50,56.42
49,68.61
37,64.32
99,88.16
65,61.47
99,76.77
89,196.55
37,51.78
60,81.32
329,197.67
195,183.1
70,68.83
130,179.13
139,208.14
150,164.79
76,58.71
55,77.11
100,107.93
65,51.98
125,139.42
150,92.85
60,102.86
106,115.24
67,55.61
120,115.33
118,190.86
47,83.44
134,209.15
142,180.87
250,202.1
75,92.78
100,140.53
35,52.12
38,53.14
50,81.66
39,73.74
50,58.75
120,77.1
69,108.39
98,147.97
225,153.6
25,54.42
229,215.2
200,148.72
49,72.03
68,85.13
109,110.0
250,234.52
72,102.82
150,152.94
150,138.99
190,156.75
250,255.99
139,163.72
90,81.79
210,183.2
50,63.79
63,62.65
130,131.5
84,71.26
50,57.4
248,242.52
120,98.81
120,169.16
70,80.14
107,149.57
48,72.67
70,72.77
150,69.6
69,64.73
140,127.92
100,107.17
70,138.68
45,54.71
49,62.14
35,53.93
140,148.79
65,58.73
179,158.8
150,157.07
79,64.47
175,181.37
138,179.75
50,64.08
90,128.95
195,158.0
100,131.53
60,54.86
90,157.6
50,54.65
51,58.97
55,60.83
32,47.23
82,96.24
65,53.91
225,134.0
117,151.78
35,60.27
92,127.58
70,81.46
140,172.69
50,60.25
95,157.72
75,88.38
80,152.22
137,126.37
200,204.76
80,82.43
159,162.92
79,130.93
175,226.57
45,66.41
55,82.46
120,126.27
180,153.71
85,140.04
30,56.79
34,37.61
60,58.96
115,150.63
175,208.72
85,139.59
80,172.39
295,175.11
129,172.5
70,85.75
79,97.91
60,66.96
300,178.77
115,86.29
90,60.85
250,106.62
125,78.17
110,176.62
150,153.59
90,223.2
90,154.06
180,168.95
70,68.1
100,57.22
90,104.85
90,72.46
100,140.87
110,177.35
57,55.57
60,85.16
30,82.57
165,220.19
70,147.84
80,82.48
100,117.0
150,106.99
45,52.75
115,156.54
190,159.75
55,98.6
135,86.6
250,221.14
200,211.57
135,203.8
40,35.27
95,132.0
250,172.79
140,138.55
100,78.74
112,111.22
189,133.48
150,142.95
80,79.53
302,192.46
80,126.25
199,225.19
55,67.56
57,142.46
49,67.01
55,70.78
95,126.33
170,157.29
62,96.73
80,97.78
200,144.21
120,128.99
50,62.84
86,232.75
80,74.32
110,115.27
60,67.5
52,59.42
60,56.9
306,299.72
65,52.28
99,186.85
85,227.81
300,159.42
91,108.45
100,77.38
143,135.31
125,108.07
117,164.66
79,80.16
99,93.6
250,175.86
80,141.5
178,176.95
100,96.09
175,161.38
65,76.4
60,100.42
239,127.48
151,155.17
85,152.45
79,112.11
75,128.07
128,133.24
142,153.69
110,70.16
150,114.92
155,193.12
45,55.37
150,125.28
65,71.85
118,129.27
150,87.44
65,80.46
80,65.26
175,171.66
170,136.4
59,61.3
145,121.48
42,40.69
75,133.28
120,84.57
125,117.67
99,110.96
90,96.17
260,173.94
59,98.18
150,130.75
140,109.64
175,142.26
100,139.43
75,78.79
160,170.24
47,86.91
125,128.16
79,120.36
75,90.59
61,85.9
176,137.28
250,169.6
55,87.83
76,67.37
125,147.38
70,54.99
125,108.27
97,123.12
199,169.96
185,180.3
125,176.29
117,104.25
50,54.77
250,147.48
159,178.66
175,156.09
129,181.9
53,73.99
160,143.05
70,62.97
100,55.05
75,89.28
175,152.11
55,119.77
250,207.2
55,70.01
130,158.16
75,61.33
100,141.67
74,156.87
139,127.16
80,55.2
115,130.06
36,74.32
45,67.35
299,201.37
58,70.08
175,102.05
45,59.21
225,161.61
50,91.8
120,82.4
240,119.15
250,102.74
150,153.46
205,192.66
199,188.05
60,71.02
200,117.57
170,128.96
195,151.22
80,149.46
126,131.67
45,76.49
102,138.48
70,79.65
229,226.89
50,85.3
275,136.72
150,200.44
65,62.13
160,184.35
150,132.73
55,52.16
60,71.86
80,112.97
129,108.89
150,128.54
90,81.23
40,46.81
100,176.73
38,84.72
100,117.06
100,66.06
75,85.67
111,164.4
50,55.12
199,201.61
45,56.39
220,150.94
42,39.77
220,203.4
175,204.89
95,131.54
57,47.84
44,54.26
50,105.02
75,61.68
60,72.98
50,94.69
100,213.09
45,57.2
65,111.1
100,106.38
89,89.96
90,86.18
70,73.69
75,79.31
190,217.07
129,245.74
60,94.94
34,55.95
145,132.54
275,245.54
108,89.75
150,181.79
35,52.9
220,207.83
68,56.55
134,182.16
199,239.66
70,108.14
195,181.63
189,194.32
80,67.23
90,108.1
40,97.92
185,232.73
69,129.09
165,154.8
61,79.47
112,119.76
115,87.45
102,167.31
60,62.73
66,73.98
200,147.24
85,117.53
100,57.33
70,117.55
83,70.97
65,79.36
125,105.09
65,68.96
55,56.87
150,173.72
80,103.53
155,173.9
73,56.16
169,171.44
39,88.91
176,142.85
55,95.65
105,132.12
280,209.42
145,193.44
200,185.53
70,132.13
239,237.2
179,133.13
40,53.9
82,64.94
100,137.91
50,57.46
145,166.37
74,115.52
215,218.48
180,139.7
74,114.56
290,219.14
106,155.59
175,148.21
73,114.49
100,114.33
320,221.18
295,163.69
80,63.72
50,64.96
249,127.52
150,138.82
55,167.1
185,210.15
155,218.93
151,144.01
37,79.87
145,233.35
170,153.25
230,139.12
100,196.71
155,173.52
60,96.51
68,66.91
60,69.58
145,159.82
50,54.78
69,80.77
52,87.27
158,163.88
195,140.59
135,137.81
114,91.88
70,62.61
100,54.43
58,65.86
54,62.78
240,159.67
230,225.49
175,226.38
90,95.27
50,50.58
90,133.48
245,242.48
225,136.78
110,159.06
70,52.27
87,142.28
135,272.63
250,134.64
60,96.4
71,215.05
69,83.74
99,68.1
190,151.24
150,125.29
80,106.02
106,110.4
150,171.43
65,54.76
120,76.04
200,159.54
100,132.25
125,139.65
90,122.15
65,97.9
50,69.03
142,192.54
90,104.41
180,223.04
200,94.1
120,165.55
199,193.95
118,158.59
150,191.88
95,182.68
120,151.98
130,149.67
90,114.33
150,118.3
160,183.0
180,147.96
105,164.28
51,103.47
60,95.89
200,138.07
110,192.23
120,150.67
150,177.38
85,56.75
40,80.77
125,146.4
150,153.83
75,89.58
80,153.27
60,81.16
60,99.54
52,72.02
35,44.9
99,93.78
75,75.91
25,36.79
289,278.62
100,100.58
130,146.57
65,51.68
225,166.61
75,125.9
250,186.0
138,115.45
90,71.67
80,87.42
80,86.77
76,91.26
96,93.79
60,66.11
60,61.95
51,62.84
40,84.89
85,109.42
125,90.24
115,242.29
86,102.47
210,183.44
120,164.7
35,113.23
65,113.41
170,172.74
62,86.76
99,117.03
85,94.24
120,143.02
45,69.71
65,91.63
30,45.88
70,69.28
250,160.64
124,144.48
60,66.89
28,23.72
79,75.88
199,245.06
80,80.43
39,53.59
30,54.75
164,142.87
130,134.33
99,69.93
135,185.27
35,41.37
70,85.92
250,201.34
78,107.39
275,148.3
90,92.22
35,46.71
155,142.89
78,89.43
59,75.97
305,230.91
137,139.22
125,138.9
34,53.59
60,76.49
57,90.64
66,69.42
90,98.99
235,156.61
60,76.89
80,159.77
100,125.55
100,183.89
200,125.39
60,50.29
175,166.51
200,201.16
180,186.34
85,116.15
205,220.45
155,136.77
68,116.21
50,46.6
105,79.26
80,83.11
150,197.2
140,174.37
120,72.1
165,139.46
249,179.39
40,78.57
70,112.74
78,78.2
85,146.4
95,67.78
35,60.09
210,198.69
55,68.87
200,219.88
137,174.58
70,66.64
100,107.69
249,178.47
180,142.05
110,117.19
75,84.55
70,66.85
125,68.42
95,59.73
150,195.1
75,75.92
70,93.69
170,215.86
45,76.29
125,141.94
225,150.81
60,74.28
70,69.66
150,189.19
175,131.52
250,121.29
114,119.75
66,120.33
250,178.02
170,197.06
40,44.06
200,75.73
289,210.07
69,62.22
90,85.87
42,58.49
145,184.31
125,136.95
150,209.09
175,179.06
75,44.25
70,87.09
46,53.64
25,56.57
50,72.8
210,194.08
60,60.16
190,205.71
93,133.95
320,137.91
75,76.37
80,86.35
34,59.15
70,66.85
180,185.69
85,48.04
179,137.96
60,79.74
125,87.35
173,137.78
250,165.01
57,63.35
240,253.12
190,196.23
65,77.27
200,143.69
43,64.19
70,65.64
75,80.69
35,59.78
200,204.68
150,166.14
49,68.06
177,182.26
60,74.79
74,96.29
65,92.24
129,125.85
231,131.52
135,151.0
123,159.72
50,71.85
103,63.22
170,222.76
185,135.23
150,91.47
300,135.6
85,79.36
89,90.08
130,129.25
35,49.64
130,135.65
44,51.09
150,133.95
139,127.52
40,46.65
69,97.93
100,123.51
110,99.75
160,207.89
65,90.05
111,94.0
70,70.85
99,150.73
180,124.04
85,57.01
80,78.47
120,80.51
119,206.48
75,123.0
65,64.6
300,165.12
150,127.44
45,52.66
150,158.92
175,157.64
100,86.7
40,70.55
52,160.68
50,62.06
99,129.76
58,91.84
150,187.36
55,64.73
120,127.46
40,66.34
279,191.85
61,96.56
275,144.36
95,211.59
30,34.92
90,94.44
248,222.88
100,67.07
150,119.54
150,189.21
75,101.11
200,203.33
300,115.85
80,56.57
70,74.5
200,115.55
50,51.91
55,72.47
90,79.41
175,103.55
165,103.19
148,229.84
26,63.11
32,38.48
90,92.18
193,169.56
25,68.44
120,166.36
105,142.31
42,55.49
110,122.87
125,76.94
30,55.24
200,201.04
225,191.06
225,190.46
105,73.61
45,65.29
50,63.73
35,79.76
80,149.98
200,154.5
200,210.91
70,52.94
247,172.44
49,75.79
150,151.2
85,95.12
62,73.42
130,154.31
140,135.9
190,124.44
80,91.99
175,161.91
40,57.18
120,127.28
52,57.79
139,164.54
129,185.03
69,73.06
99,121.88
45,105.83
190,134.59
35,55.68
90,93.43
53,53.86
34,30.01
85,114.61
140,108.74
295,239.3
169,186.96
71,174.7
99,183.63
50,67.55
90,169.71
275,154.34
190,134.43
95,57.76
100,86.97
90,83.34
25,75.41
125,132.45
235,236.62
143,157.64
129,104.63
75,73.98
307,160.0
70,81.14
175,173.25
250,198.08
90,124.1
95,86.15
40,60.56
190,139.13
60,62.25
175,205.72
191,209.69
135,70.2
175,145.98
300,234.63
95,78.54
125,144.83
40,53.24
149,91.41
85,91.15
109,152.02
220,90.25
165,202.95
35,33.12
70,110.66
195,183.39
70,60.32
55,75.1
80,81.48
78,86.68
60,52.6
75,60.33
135,98.77
250,154.19
62,62.03
175,181.07
13,75.59
120,105.77
60,80.66
93,172.01
250,196.85
198,145.73
200,208.54
85,101.65
182,180.22
75,73.67
45,82.17
25,62.74
62,72.3
85,59.81
99,62.57
90,154.05
302,220.99
79,59.39
110,203.7
68,67.75
100,93.17
149,179.31
250,155.13
60,65.9
29,40.04
95,149.38
50,76.12
170,204.73
50,81.02
35,40.95
105,99.31
169,124.92
119,88.46
99,89.29
120,110.82
85,104.07
76,67.26
68,63.79
70,96.84
181,212.74
125,172.06
35,69.01
95,57.12
77,99.46
102,156.72
220,224.59
150,161.54
149,93.53
57,65.31
43,52.5
160,81.06
60,72.95
68,60.22
48,49.44
88,43.64
300,153.09
50,52.73
189,82.13
70,88.89
278,271.02
300,124.17
199,229.99
169,132.78
100,177.27
27,39.64
200,213.64
100,198.17
175,147.62
45,121.73
250,142.17
85,78.7
110,139.88
150,243.13
145,170.08
192,191.55
160,158.9
129,123.31
100,135.45
219,194.52
100,179.39
150,182.91
80,79.37
230,269.63
175,231.61
148,194.38
100,96.11
169,183.75
195,165.88
84,201.07
144,124.32
179,190.43
185,173.69
66,56.76
98,162.55
200,203.22
76,108.28
150,107.83
35,67.98
249,128.25
250,132.27
100,117.87
300,205.89
325,215.62
53,59.49
30,57.28
125,168.64
175,208.96
170,186.31
165,165.48
99,148.13
40,107.65
80,90.04
149,192.14
110,73.21
50,52.87
300,200.28
90,85.41
52,56.54
197,164.13
175,85.54
69,67.33
75,153.57
75,122.29
180,130.66
65,50.0
250,145.77
60,75.16
60,70.91
66,67.82
65,73.98
120,230.31
76,140.21
100,183.02
199,191.77
55,65.04
102,174.49
129,117.43
35,55.48
160,128.05
45,81.18
140,187.4
65,57.05
125,153.23
215,223.72
55,78.11
55,69.35
65,114.02
299,212.22
140,88.09
100,72.28
180,185.67
49,92.73
164,178.25
150,92.51
130,101.51
135,223.18
50,61.17
53,75.93
70,90.45
80,108.68
269,220.43
41,41.93
104,183.45
52,78.52
80,135.58
145,142.98
145,148.21
249,227.63
199,204.95
130,109.39
56,66.82
60,70.18
225,139.03
120,135.55
200,219.49
140,223.13
115,111.67
150,190.52
100,78.83
107,176.78
300,220.36
99,109.01
230,163.87
58,58.62
199,148.75
120,173.2
186,204.78
60,135.27
77,128.54
50,55.22
291,303.39
31,48.53
189,210.74
175,154.56
150,136.96
40,64.22
250,191.84
50,52.63
150,184.48
105,99.63
80,114.77
135,117.12
140,204.69
125,128.01
48,75.57
165,150.33
215,201.03
88,113.23
60,56.36
65,52.63
50,69.71
147,80.22
160,105.79
64,67.85
148,155.52
100,161.6
89,60.32
160,217.58
30,66.31
60,72.56
70,67.92
129,152.26
47,53.95
85,76.41
200,217.92
99,90.91
165,130.61
282,295.47
175,160.44
150,101.38
47,48.86
125,79.44
250,96.78
55,72.01
299,270.68
140,161.05
55,54.6
110,120.81
53,61.36
70,78.95
57,68.59
100,114.05
40,65.51
99,174.84
40,62.47
199,168.61
155,140.42
90,114.78
65,88.6
50,66.8
80,142.64
150,144.54
65,66.79
235,240.47
60,74.69
49,61.99
39,61.42
65,95.48
69,90.78
95,112.47
100,82.36
65,93.37
130,74.98
65,125.01
47,54.79
200,231.95
80,52.73
130,111.91
75,63.18
100,145.98
160,172.72
100,129.43
29,34.52
240,184.23
140,111.04
31,112.75
47,54.07
190,185.3
53,51.98
199,166.0
64,123.57
87,73.82
65,113.47
130,169.86
135,163.75
200,159.75
50,63.33
150,62.75
75,114.67
75,69.13
191,237.49
140,155.08
125,129.43
250,101.79
250,177.94
75,72.34
65,66.04
105,153.43
54,137.22
175,152.38
150,168.2
120,122.98
113,79.93
105,164.49
35,38.78
219,217.82
200,213.36
219,137.56
300,183.96
167,128.82
180,219.64
159,118.27
180,163.56
70,70.06
90,92.51
90,66.97
40,63.75
45,66.28
174,176.89
97,153.78
150,133.98
97,106.39
329,202.42
300,138.81
70,47.93
128,196.71
75,73.72
162,191.88
75,112.57
110,103.67
55,91.45
165,159.62
150,191.15
200,161.84
100,84.08
60,64.58
225,184.47
38,77.15
75,82.52
180,154.62
120,85.85
150,173.54
146,181.07
150,131.14
120,207.27
129,148.14
100,147.62
300,256.83
150,122.52
150,196.91
180,200.54
245,239.69
45,53.91
22,64.49
89,98.1
290,153.82
70,56.42
119,152.77
70,158.69
199,142.41
225,138.6
75,83.23
90,138.91
250,148.02
70,84.04
70,96.49
119,92.59
250,211.42
95,158.54
75,94.27
250,174.31
50,80.87
99,152.39
117,157.5
59,52.85
160,236.15
224,164.28
125,138.31
59,57.55
125,146.3
150,194.12
199,216.0
85,67.1
137,166.15
130,152.44
80,81.75
50,68.86
29,41.63
119,79.34
90,124.78
160,162.31
114,128.3
120,109.66
80,99.17
165,174.42
150,108.6
185,218.87
199,195.51
160,141.79
200,190.83
159,155.48
60,77.83
131,158.41
40,44.38
225,179.62
100,119.68
150,185.46
198,160.32
130,155.91
108,163.68
60,87.56
65,79.65
150,149.14
95,141.76
70,50.39
110,134.54
85,79.49
58,51.19
70,86.81
55,68.89
46,64.49
166,75.54
165,240.44
125,169.48
77,84.79
283,293.18
120,140.07
150,135.49
125,158.42
93,145.26
175,185.06
299,200.26
100,125.39
95,162.7
150,187.66
176,179.09
80,64.11
45,76.67
70,98.97
75,96.7
38,55.97
117,144.66
250,148.66
140,194.6
120,200.97
75,77.8
39,59.77
200,70.7
45,88.94
249,115.91
50,67.98
101,114.69
55,74.93
160,207.81
65,79.67
180,207.46
45,71.63
55,70.26
69,67.57
165,229.48
100,182.93
72,75.49
130,157.01
250,209.0
57,114.36
80,144.03
150,151.72
149,145.95
45,68.14
100,73.9
28,29.79
260,236.77
54,59.08
66,92.87
89,96.22
35,52.89
50,58.64
150,143.59
299,197.46
250,140.37
181,198.96
58,55.84
172,171.04
120,105.51
90,76.38
250,195.61
80,103.25
297,200.47
115,151.85
100,116.71
210,217.49
200,187.84
30,49.7
42,44.64
189,183.48
72,116.07
133,130.86
100,75.39
95,93.43
72,68.21
200,120.4
99,201.85
160,140.23
250,166.1
55,72.02
75,105.44
119,175.08
79,83.02
150,87.05
105,177.35
144,194.56
175,137.64
230,164.15
289,148.8
225,194.26
210,211.34
60,57.39
80,91.9
65,93.44
120,144.53
300,153.92
98,88.87
110,67.37
59,61.02
65,57.83
99,99.4
100,128.04
49,65.77
140,165.67
300,198.68
115,113.46
76,185.29
135,149.59
115,169.28
30,31.84
315,219.4
175,106.37
220,237.51
300,172.21
250,183.73
250,157.13
50,49.28
175,139.96
60,66.68
36,52.55
50,76.33
175,112.51
199,174.54
55,58.05
65,110.39
200,191.25
149,175.28
120,75.24
109,111.6
35,55.79
65,69.34
145,177.77
186,242.76
75,99.96
83,133.55
75,86.49
80,115.06
151,140.44
229,223.32
295,131.12
150,167.42
50,64.57
325,129.44
139,172.09
40,53.02
110,103.38
290,179.8
90,106.72
135,108.8
170,87.5
225,191.63
180,154.76
60,86.36
225,174.26
45,66.81
50,68.84
320,267.79
69,85.99
80,75.04
75,83.99
120,123.62
40,90.06
80,123.05
200,155.65
300,151.58
240,172.82
60,59.9
40,57.56
299,233.83
210,181.26
165,129.52
150,146.86
189,155.08
49,70.65
235,235.79
217,173.35
125,81.16
105,186.46
62,102.94
80,125.1
96,105.62
70,64.19
119,132.67
299,230.64
95,89.94
100,120.81
35,84.46
100,104.95
99,83.14
78,102.26
60,56.1
100,57.43
53,50.12
50,51.36
45,53.03
45,56.94
160,159.06
77,69.75
299,225.0
250,191.92
95,110.13
110,128.03
62,83.65
66,73.8
79,77.56
28,58.47
158,205.38
120,80.77
35,55.85
95,151.88
60,60.26
55,49.32
139,98.48
200,171.47
50,64.7
48,57.26
20,53.26
129,141.1
44,44.05
39,77.54
100,216.21
220,230.28
50,61.67
300,151.32
195,197.33
118,131.44
44,53.63
95,92.07
82,103.02
150,142.92
49,71.73
125,115.53
125,146.96
82,134.4
99,181.92
95,118.0
65,72.97
200,69.32
55,56.65
180,207.35
88,173.99
95,55.69
325,168.09
95,130.59
150,189.39
90,199.39
32,35.64
130,96.98
100,145.46
160,150.83
310,221.23
139,136.72
150,137.27
38,56.42
120,89.68
123,192.48
176,197.75
80,127.79
80,64.92
75,97.1
59,57.17
50,78.04
58,93.4
135,160.47
99,140.61
120,189.27
37,58.08
60,76.6
250,167.82
121,137.99
70,100.11
90,125.3
90,99.25
39,54.96
95,134.61
120,129.45
60,55.7
291,261.6
300,111.93
115,102.44
115,151.64
185,173.81
210,149.55
45,46.84
299,147.35
120,71.15
55,52.41
100,120.31
93,84.92
194,212.18
151,141.65
80,106.41
120,143.32
60,113.41
50,93.22
51,66.23
60,55.36
58,60.32
51,70.4
245,153.79
59,55.13
199,158.77
125,78.87
259,191.13
175,165.17
50,73.95
63,58.75
40,59.4
120,126.25
80,66.83
300,191.26
100,64.54
180,241.41
50,59.9
55,89.61
85,75.04
110,92.59
200,178.01
37,71.67
200,84.37
75,96.74
75,55.56
205,229.99
35,85.41
65,65.97
50,157.35
135,169.09
45,59.85
199,164.94
179,233.06
100,85.04
176,192.36
55,65.78
130,140.12
300,108.82
60,64.95
250,158.46
52,62.54
160,223.36
115,104.79
238,240.98
129,181.87
99,109.85
235,175.14
168,172.66
67,78.56
75,81.16
100,60.24
99,130.77
60,79.76
125,85.27
80,69.66
225,215.79
53,75.06
70,76.02
215,197.28
58,55.55
75,66.22
78,99.85
100,141.11
77,77.27
210,173.65
75,73.87
35,34.02
65,62.55
200,121.38
95,105.13
89,217.03
70,76.18
90,98.22
300,68.85
45,45.83
250,193.24
55,55.49
88,171.29
130,88.33
122,112.95
100,147.47
300,132.74
275,172.86
175,162.63
70,55.56
86,130.88
58,86.57
270,177.31
75,61.29
150,165.33
55,67.65
150,160.84
75,61.71
170,190.56
300,198.83
29,47.59
175,174.96
72,85.3
150,179.8
42,65.96
185,168.93
58,64.66
100,172.37
100,129.53
51,53.67
95,105.93
40,215.29
70,57.05
175,244.44
170,87.07
100,130.56
100,109.5
135,133.9
110,46.6
299,211.67
95,99.85
175,167.56
119,173.48
280,184.99
125,125.09
71,55.97
25,58.54
175,163.77
50,65.59
150,177.07
175,184.47
95,160.58
45,50.92
195,186.92
220,178.96
79,59.43
95,172.51
125,138.84
115,107.68
185,186.75
60,75.76
60,50.33
160,147.58
188,173.51
85,135.41
130,157.29
45,87.7
175,199.27
75,122.87
99,177.05
55,71.22
50,57.45
100,79.03
220,125.8
75,103.03
265,219.16
48,46.74
55,64.73
206,136.75
60,66.24
239,237.2
50,49.53
179,196.85
25,45.37
300,254.98
200,183.57
150,226.94
225,194.77
175,131.8
42,67.65
49,74.38
229,164.63
37,63.61
200,158.37
47,69.63
205,206.18
55,56.25
100,159.06
200,181.94
36,62.37
85,135.03
100,99.62
40,59.47
138,144.2
48,66.7
95,89.09
87,122.33
55,56.58
199,159.02
300,157.07
100,110.12
80,77.82
271,304.41
330,262.15
50,54.65
200,192.39
250,176.56
38,66.92
55,53.46
68,74.77
59,59.19
119,115.54
150,95.6
110,159.49
98,110.0
75,146.7
120,68.68
228,224.54
249,230.36
47,48.49
198,198.42
130,59.67
35,78.92
48,85.11
89,78.73
45,58.91
60,52.18
240,103.89
50,65.89
250,181.04
35,69.32
165,138.33
59,136.98
110,194.41
250,164.94
88,122.93
110,96.55
120,115.94
65,82.09
87,100.69
165,166.26
124,198.34
95,74.62
95,76.75
175,176.13
55,83.19
310,174.24
27,59.46
199,195.73
40,58.71
75,61.7
198,145.85
155,161.2
95,146.29
100,154.01
80,119.19
118,142.53
90,114.82
150,160.09
70,154.32
105,103.88
165,193.61
250,134.38
85,80.03
70,83.11
200,171.37
195,137.64
225,158.02
160,163.22
173,165.8
149,168.71
75,61.18
55,96.07
135,169.19
80,91.98
125,169.93
130,150.57
50,79.58
85,121.93
150,167.94
225,172.71
110,134.16
50,63.25
55,57.87
70,131.47
170,129.85
150,199.35
100,59.89
250,221.12
35,67.6
85,221.26
28,40.29
75,75.78
70,89.29
60,62.71
80,84.23
70,105.98
90,158.27
140,186.31
55,57.85
72,63.97
174,159.48
70,54.38
147,148.27
80,53.69
190,155.64
160,140.14
60,116.13
88,71.46
299,241.99
81,108.95
133,127.14
50,83.8
115,126.46
43,59.88
75,85.5
199,149.02
100,123.72
120,63.83
25,62.28
50,67.91
140,152.85
150,202.33
80,157.28
215,167.9
100,87.95
249,161.14
130,190.46
285,197.98
49,103.96
110,71.39
120,164.84
76,88.89
229,170.79
125,148.8
50,66.76
41,44.03
95,81.29
55,67.3
217,180.29
50,61.91
100,196.87
195,126.04
319,231.01
200,164.51
130,96.73
45,57.67
100,78.13
52,57.2
105,181.27
250,145.01
75,59.93
70,124.86
55,54.13
65,113.45
125,92.29
168,204.75
75,55.31
90,68.42
81,118.68
50,59.57
140,141.23
90,79.52
120,135.77
85,81.15
150,160.76
125,153.5
117,150.32
150,167.34
325,208.1
79,53.84
150,195.11
180,190.13
115,68.14
70,84.5
272,120.43
160,110.37
31,57.88
175,167.32
50,51.64
50,59.92
220,217.53
240,157.76
38,66.58
29,57.49
41,61.9
135,225.91
299,240.89
105,110.51
75,62.08
39,67.95
65,79.05
250,207.62
83,135.36
300,241.08
50,51.61
70,67.04
125,93.64
275,184.7
200,153.92
39,55.72
65,66.61
125,135.29
250,200.33
160,127.88
93,87.21
70,156.26
99,132.55
50,60.97
105,159.13
90,118.68
178,176.42
190,147.0
150,175.46
72,86.0
60,66.58
115,92.67
180,226.28
65,67.58
60,81.53
70,59.01
58,60.75
175,179.77
290,206.11
325,172.98
196,215.36
160,117.57
80,96.43
150,158.84
145,95.21
45,60.68
140,72.22
108,132.55
110,130.11
145,138.58
42,55.26
60,58.61
100,86.4
195,67.65
120,236.58
95,65.38
99,65.26
240,231.11
275,197.98
81,116.92
99,134.45
70,88.25
300,204.06
30,60.13
120,132.55
45,72.04
138,134.88
125,119.62
75,82.45
59,71.7
125,84.47
74,96.17
180,171.6
95,61.34
30,45.41
75,76.43
60,49.03
150,142.64
260,169.76
152,186.39
70,67.7
100,78.72
99,124.9
300,114.89
55,54.41
90,59.33
74,85.4
129,153.16
145,137.88
140,146.1
135,159.84
170,186.17
60,67.42
125,190.38
100,109.66
99,111.81
201,200.47
225,215.72
90,108.93
75,153.74
120,75.37
160,105.53
78,138.55
65,73.75
140,172.43
175,223.26
70,76.47
95,67.06
30,40.45
110,144.31
89,112.15
75,93.03
179,178.09
80,168.3
200,133.59
67,61.5
125,145.48
52,58.28
50,72.97
100,95.74
100,77.44
127,111.04
70,85.93
125,79.57
80,91.2
58,74.9
110,157.56
60,70.42
200,201.06
165,144.7
130,176.02
48,61.1
180,189.2
60,129.25
130,173.15
150,157.41
200,206.52
150,152.8
150,133.3
180,185.7
69,93.7
70,83.34
37,49.25
40,52.49
250,187.28
54,72.24
140,131.0
177,153.21
194,230.25
24,44.54
78,95.99
65,74.14
150,197.67
90,81.34
240,195.05
42,69.17
70,68.42
75,97.85
79,62.86
120,172.06
149,111.72
219,190.83
300,255.34
140,120.3
46,64.89
55,84.72
100,53.85
80,130.38
90,139.4
174,198.89
190,169.39
300,113.03
48,57.84
108,112.02
70,115.53
200,73.12
50,47.85
150,156.69
125,199.02
69,72.52
155,123.3
115,103.12
250,231.63
185,148.0
149,156.51
320,183.18
300,166.43
145,135.21
58,53.47
220,217.89
110,158.71
165,170.15
100,168.1
239,223.79
135,162.21
20,41.28
40,56.77
29,55.47
309,239.55
49,50.64
55,56.19
110,165.68
299,199.04
49,57.69
200,164.3
75,123.9
180,158.08
185,201.92
145,82.19
315,222.29
152,156.83
120,144.91
66,68.87
50,49.6
97,70.26
100,145.61
100,69.71
120,120.83
105,211.76
63,167.23
167,187.58
70,75.29
128,91.96
180,185.32
80,80.29
47,50.88
130,178.11
60,71.99
155,72.34
99,159.98
75,98.9
120,158.29
100,165.09
65,61.82
110,81.48
45,64.14
250,149.51
189,190.1
53,51.79
125,100.93
175,191.57
245,222.07
130,186.94
265,200.76
99,126.45
50,63.94
120,162.59
119,129.85
169,177.08
90,131.86
130,189.73
58,56.61
85,93.33
45,65.31
40,64.36
67,48.45
50,50.75
119,96.22
120,102.92
42,43.26
150,161.65
50,60.11
200,65.91
200,189.92
40,136.35
100,106.69
33,44.38
100,74.89
50,84.84
300,245.63
100,139.81
125,129.42
55,73.65
175,107.43
150,129.93
300,198.97
180,195.77
85,164.92
159,165.79
120,66.49
41,57.11
45,61.26
90,129.8
150,116.29
55,52.61
180,167.06
80,93.45
200,135.2
44,61.81
59,71.37
90,85.28
101,99.72
59,64.36
65,70.11
101,89.32
200,188.83
130,137.87
40,46.24
80,94.38
75,56.31
52,44.11
70,81.38
50,103.82
80,81.62
55,53.4
135,211.6
117,122.92
34,59.69
159,148.58
165,164.01
46,75.45
65,79.92
95,138.98
70,62.1
150,202.54
56,48.72
57,110.56
110,180.71
70,98.94
85,58.11
110,114.63
75,89.06
160,149.62
50,61.48
90,163.31
90,123.26
100,181.26
42,83.1
150,168.59
158,183.06
80,67.77
200,149.27
90,52.0
42,38.78
110,120.51
300,204.64
135,159.57
115,64.64
130,172.61
225,100.15
50,61.89
150,108.39
165,132.1
115,101.19
261,191.73
45,66.92
209,246.02
81,79.81
49,201.0
180,195.79
100,124.91
70,49.48
200,163.05
89,97.33
80,109.65
300,129.91
49,70.41
170,181.23
150,187.13
149,174.92
150,111.24
159,149.92
195,127.41
249,208.16
160,115.11
275,263.32
85,156.98
250,247.65
53,61.55
100,94.59
245,218.7
150,168.2
80,51.35
300,131.96
80,92.29
170,167.05
135,140.06
55,51.91
85,101.42
90,98.3
148,230.24
45,73.72
40,51.79
100,82.84
250,86.61
120,99.74
40,62.41
130,124.7
75,65.77
129,150.61
165,170.83
75,77.42
75,105.05
114,80.2
85,156.58
80,80.41
120,113.33
150,52.42
250,227.38
139,112.85
50,53.63
150,109.37
150,118.02
70,93.55
225,203.72
200,104.87
321,314.32
175,118.67
99,56.21
175,162.32
150,197.33
65,51.33
35,104.69
113,78.32
125,142.4
75,116.54
95,127.03
230,221.78
189,217.45
200,211.83
80,83.42
135,222.02
120,122.33
275,101.38
70,115.75
185,179.34
45,58.19
97,85.82
185,158.74
85,69.95
135,132.6
140,156.23
209,218.02
90,69.86
41,48.22
64,88.27
77,57.28
225,179.37
53,101.4
52,73.51
139,147.87
44,102.36
95,147.69
250,168.25
90,123.8
95,109.42
165,142.93
50,80.07
70,155.81
100,112.65
267,262.36
220,209.19
243,251.04
60,64.9
85,58.51
75,78.67
125,120.94
130,121.87
80,109.23
299,214.33
174,113.0
150,162.26
25,57.4
158,204.76
80,105.0
149,97.82
53,51.42
60,126.29
43,60.95
160,182.0
190,166.63
41,79.74
35,52.09
70,51.83
50,61.79
100,62.38
119,119.75
30,49.58
42,56.09
320,219.94
75,51.99
59,78.63
229,121.87
115,122.43
215,173.55
79,75.64
65,63.27
80,103.94
50,57.12
190,195.9
80,63.96
50,73.32
51,59.51
125,161.19
145,148.24
65,74.29
185,204.23
250,196.03
50,72.08
105,46.71
50,75.5
80,152.06
90,82.84
199,178.02
120,50.89
35,56.13
125,162.42
55,52.85
220,154.94
244,194.99
115,141.29
60,95.4
320,205.3
110,119.91
95,123.08
165,210.91
116,130.34
120,143.56
300,204.68
160,226.56
52,56.89
90,178.32
100,167.08
275,289.33
150,171.55
100,186.39
60,71.47
54,56.46
179,202.97
200,88.46
145,183.19
78,71.46
35,49.42
197,169.58
128,99.59
169,172.51
160,157.17
168,188.63
59,125.03
110,103.04
48,48.0
39,44.69
70,101.82
110,187.41
89,69.31
105,175.15
68,61.48
49,59.39
80,181.06
200,175.51
50,83.19
125,96.09
70,86.88
135,87.13
70,42.07
160,169.75
112,75.13
85,70.14
65,93.96
55,93.0
55,55.32
75,73.39
70,73.35
99,58.98
159,199.83
180,141.25
102,118.88
299,177.6
285,258.3
108,126.1
195,199.88
67,56.38
299,158.67
124,149.54
98,178.33
185,199.47
125,105.69
150,142.67
55,155.61
210,170.04
90,95.97
118,160.89
175,160.37
99,97.13
65,74.09
125,76.05
99,135.77
71,94.92
70,72.36
57,70.35
50,53.86
45,66.08
165,105.84
99,118.79
100,135.84
175,167.7
150,151.71
100,94.85
60,83.15
65,64.88
95,120.74
70,100.58
49,102.15
79,96.19
150,153.81
90,175.99
159,35.91
30,71.12
197,206.58
85,72.38
130,135.19
30,76.34
65,72.58
75,73.33
98,125.14
80,82.27
100,128.87
88,132.53
95,80.37
55,116.46
314,297.3
80,74.34
130,103.13
220,199.55
81,72.04
50,129.05
105,99.55
35,87.14
60,53.83
238,149.51
135,154.89
125,160.85
70,57.62
179,154.55
105,114.56
98,103.59
125,158.83
50,91.86
59,56.84
65,82.47
199,160.41
195,175.95
180,131.44
80,77.1
171,160.67
100,131.36
65,112.61
90,49.05
80,145.52
79,91.16
220,182.74
49,64.78
85,75.81
75,114.74
31,60.19
100,88.89
75,109.34
50,125.23
175,189.52
65,63.88
140,155.39
45,74.37
156,137.56
51,107.22
100,98.59
39,66.92
100,71.15
100,108.06
49,153.25
35,53.96
52,79.74
200,113.21
98,104.47
100,89.49
179,157.83
35,66.85
155,210.36
108,166.87
83,98.59
40,50.1
200,186.24
150,99.53
120,168.44
53,50.31
50,91.89
55,123.24
149,118.98
150,249.03
95,115.93
150,159.61
250,141.99
59,57.83
130,147.19
50,54.78
225,162.05
150,82.49
150,55.74
69,62.34
79,140.07
175,203.82
100,51.34
75,76.55
250,154.53
67,54.85
114,119.22
100,174.91
60,62.4
200,187.1
145,198.35
49,56.49
195,147.52
69,60.21
325,172.97
25,33.82
45,57.62
40,98.57
85,118.58
225,133.06
65,60.48
90,120.58
115,108.63
55,71.86
135,92.78
70,143.29
85,83.05
69,68.7
206,210.52
229,218.86
59,69.94
64,80.64
142,142.68
70,92.18
65,56.46
125,110.26
65,148.13
82,66.73
63,79.92
70,72.94
120,182.07
200,213.92
150,142.11
47,85.43
80,90.27
205,219.89
95,91.05
150,159.97
45,53.67
40,65.42
75,64.44
90,144.76
175,182.94
175,193.48
200,201.77
199,185.34
111,137.16
83,102.75
149,200.88
115,264.89
55,49.06
125,125.06
150,119.97
68,107.79
35,81.99
62,67.31
120,123.71
106,143.09
70,100.05
79,66.45
90,97.36
50,38.35
160,171.36
62,59.52
184,180.45
160,236.62
95,121.89
265,218.26
40,51.76
100,109.56
48,48.0
45,80.5
79,115.99
225,129.26
145,206.94
69,92.7
115,173.92
60,78.29
80,91.03
200,105.63
40,62.73
200,123.11
24,29.8
247,194.67
95,91.73
140,191.25
250,132.55
38,60.51
50,87.98
53,92.0
160,154.41
180,206.92
96,135.24
65,89.57
164,196.91
150,137.81
119,133.43
75,57.6
46,66.11
165,118.97
49,61.07
106,110.95
65,142.9
66,95.74
250,155.23
100,175.49
70,70.55
130,148.67
145,216.49
70,65.44
100,161.85
49,58.36
30,49.21
200,134.09
125,95.52
32,52.92
88,227.79
129,180.73
99,149.31
25,61.75
140,179.66
85,74.65
150,146.3
100,123.01
69,81.61
200,228.91
275,130.31
45,76.77
125,107.82
40,95.99
175,167.84
29,67.52
51,67.57
300,232.2
280,220.83
300,162.76
75,82.67
115,171.93
60,59.85
100,97.39
44,54.37
165,128.63
85,173.03
190,233.48
70,113.21
110,170.14
275,163.55
120,57.92
325,227.41
140,181.9
199,180.94
189,143.14
68,101.23
225,182.09
149,172.4
55,44.33
62,57.1
37,61.04
160,214.85
58,91.11
175,267.42
120,215.75
129,197.67
33,61.83
125,86.13
45,69.97
198,188.0
53,62.48
225,178.29
275,207.56
189,228.53
300,206.92
11,54.65
65,90.53
65,80.38
130,144.06
100,67.03
120,139.46
90,144.68
70,62.21
60,83.48
190,155.93
99,172.87
50,64.33
121,141.43
27,69.08
200,171.33
245,122.38
55,44.6
95,81.29
150,160.13
140,159.5
120,252.85
249,217.13
45,68.93
135,216.47
60,71.58
79,71.56
58,60.31
225,213.98
35,35.0
60,87.23
100,130.72
65,82.94
48,70.36
89,66.32
42,53.03
130,177.88
125,223.08
140,140.65
88,132.12
220,223.71
72,59.51
